"localidad_id","localidad_nombre","localidad_centroide_lat","localidad_centroide_lon","provincia_id","provincia_nombre","departamento_id","departamento_nombre","municipio_id","municipio_nombre","localidad_censal_id","localidad_censal_nombre","localidad_categoria"
"8202129002","Presidente Roca",-31.2142150140904,-61.6129125462879,"82","Santa Fe","82021","Castellanos","822315","Presidente Roca","82021290","Presidente Roca","Entidad"
"8202129001","Estación Presidente Roca",-31.2321284987409,-61.6102774667774,"82","Santa Fe","82021","Castellanos","822315","Presidente Roca","82021290","Presidente Roca","Entidad"
"8206319002","Villa Adelina",-31.7210301786451,-60.8015887552447,"82","Santa Fe","82063","La Capital","820158","Sauce Viejo","82063190","Sauce Viejo","Entidad"
"8206319001","Sauce Viejo",-31.7660371876277,-60.8305595552308,"82","Santa Fe","82063","La Capital","820158","Sauce Viejo","82063190","Sauce Viejo","Entidad"
"8206303001","Arroyo Leyes",-31.5604450839944,-60.5191788520517,"82","Santa Fe","82063","La Capital","822959","Arroyo Leyes","82063030","Arroyo Leyes","Entidad"
"8206303002","Rincón Norte",-31.5718361103601,-60.5310909581548,"82","Santa Fe","82063","La Capital","822959","Arroyo Leyes","82063030","Arroyo Leyes","Entidad"
"82007020","Bouquet",-32.4236315024218,-61.8897360595799,"82","Santa Fe","82007","Belgrano","822007","Bouquet","82007020","Bouquet","Localidad simple"
"82007040","Las Rosas",-32.4750508722115,-61.5765081663526,"82","Santa Fe","82007","Belgrano","820021","Las Rosas","82007040","Las Rosas","Localidad simple"
"82007050","Montes de Oca",-32.566379801524,-61.7684586366872,"82","Santa Fe","82007","Belgrano","822014","Montes de Oca","82007050","Montes de Oca","Localidad simple"
"82007010","Armstrong",-32.7852890711609,-61.6033099141452,"82","Santa Fe","82007","Belgrano","820007","Armstrong","82007010","Armstrong","Localidad simple"
"82007030","Las Parejas",-32.6829498578191,-61.5224490163267,"82","Santa Fe","82007","Belgrano","820014","Las Parejas","82007030","Las Parejas","Localidad simple"
"82007060","Tortugas",-32.7473970137447,-61.8209883286038,"82","Santa Fe","82007","Belgrano","822021","Tortugas","82007060","Tortugas","Localidad simple"
"82014010","Arequito",-33.144800394228,-61.469507176368,"82","Santa Fe","82014","Caseros","822028","Arequito","82014010","Arequito","Localidad simple"
"82014030","Beravebú",-33.3408431220729,-61.8620921917021,"82","Santa Fe","82014","Caseros","822042","Berabevú","82014030","Beravebú","Localidad simple"
"82014050","Casilda",-33.0446976480953,-61.1642010904025,"82","Santa Fe","82014","Caseros","820028","Casilda","82014050","Casilda","Localidad simple"
"82014090","Los Molinos",-33.1044795464708,-61.3255640507782,"82","Santa Fe","82014","Caseros","822077","Los Molinos","82014090","Los Molinos","Localidad simple"
"82014100","Los Nogales",-33.1401348565952,-61.6046539899734,"82","Santa Fe","82014","Caseros","822091","San José de la Esquina","82014100","Los Nogales","Localidad simple"
"82014110","Los Quirquinchos",-33.3748594819552,-61.7104920093924,"82","Santa Fe","82014","Caseros","822084","Los Quirquinchos","82014110","Los Quirquinchos","Localidad simple"
"82014130","Sanford",-33.1459879020981,-61.2772000921421,"82","Santa Fe","82014","Caseros","822098","Sanford","82014130","Sanford","Localidad simple"
"82028100","Godoy",-33.3671910023616,-60.5093016994803,"82","Santa Fe","82028","Constitución","822455","Godoy","82028100","Godoy","Localidad simple"
"82014020","Arteaga",-33.0926816599494,-61.7920112335548,"82","Santa Fe","82014","Caseros","822035","Arteaga","82014020","Arteaga","Localidad simple"
"82014120","San José de la Esquina",-33.1122799042506,-61.7026631156616,"82","Santa Fe","82014","Caseros","822091","San José de la Esquina","82014120","San José de la Esquina","Localidad simple"
"82014140","Villada",-33.348849210097,-61.4466203172551,"82","Santa Fe","82014","Caseros","822105","Villada","82014140","Villada","Localidad simple"
"82014080","Gödeken",-33.4003686079249,-61.844338894936,"82","Santa Fe","82014","Caseros","822070","Gödeken","82014080","Gödeken","Localidad simple"
"82014040","Bigand",-33.3740366712088,-61.1847468491116,"82","Santa Fe","82014","Caseros","822049","Bigand","82014040","Bigand","Localidad simple"
"82014070","Chañar Ladeado",-33.3261685000027,-62.035232168956,"82","Santa Fe","82014","Caseros","822063","Chañar Ladeado","82014070","Chañar Ladeado","Localidad simple"
"82014060","Chabas",-33.2458400441171,-61.3588518242623,"82","Santa Fe","82014","Caseros","822056","Chabas","82014060","Chabas","Localidad simple"
"82021120","Colonia Raquel",-30.8368344282322,-61.488042997533,"82","Santa Fe","82021","Castellanos","822196","Colonia Raquel","82021120","Colonia Raquel","Localidad simple"
"82021410","Villa San José",-31.3366658076454,-61.6215791919805,"82","Santa Fe","82021","Castellanos","822392","Villa San José","82021410","Villa San José","Localidad simple"
"82021430","Zenón Pereyra",-31.5600953152186,-61.8962362746566,"82","Santa Fe","82021","Castellanos","822406","Zenón Pereyra","82021430","Zenón Pereyra","Localidad simple"
"82021170","Estación Saguier",-31.316273169572,-61.6962090269134,"82","Santa Fe","82021","Castellanos","822336","Saguier","82021170","Estación Saguier","Localidad simple"
"82021190","Eustolia",-31.5766226542333,-61.783534186852,"82","Santa Fe","82021","Castellanos","822238","Eustolia","82021190","Eustolia","Localidad simple"
"82021210","Garibaldi",-31.649452584686,-61.8058678446262,"82","Santa Fe","82021","Castellanos","822259","Garibaldi","82021210","Garibaldi","Localidad simple"
"82021030","Ataliva",-30.9962676110821,-61.431909256734,"82","Santa Fe","82021","Castellanos","822119","Ataliva","82021030","Ataliva","Localidad simple"
"82021070","Bella Italia",-31.2832080414374,-61.4092577770354,"82","Santa Fe","82021","Castellanos","822140","Bella Italia","82021070","Bella Italia","Localidad simple"
"82021390","Vila",-31.1905304719007,-61.8329034328494,"82","Santa Fe","82021","Castellanos","822385","Vila","82021390","Vila","Localidad simple"
"82021150","Esmeralda",-31.612968990504,-61.9328722390571,"82","Santa Fe","82021","Castellanos","822217","Esmeralda","82021150","Esmeralda","Localidad simple"
"82021380","Tacural",-30.8462652966368,-61.5917489502592,"82","Santa Fe","82021","Castellanos","822371","Tacural","82021380","Tacural","Localidad simple"
"82021230","Josefina",-31.4063018966516,-61.9919561931474,"82","Santa Fe","82021","Castellanos","822280","Josefina","82021230","Josefina","Localidad simple"
"82021250","María Juana",-31.6756082195174,-61.7516795024192,"82","Santa Fe","82021","Castellanos","822294","María Juana","82021250","María Juana","Localidad simple"
"82021270","Plaza Clucellas",-31.4526809463387,-61.7067833421342,"82","Santa Fe","82021","Castellanos","822308","Plaza Clucellas","82021270","Plaza Clucellas","Localidad simple"
"82021330","San Antonio",-31.212319675124,-61.7247451186676,"82","Santa Fe","82021","Castellanos","822343","San Antonio","82021330","San Antonio","Componente de localidad compuesta"
"82021370","Susana",-31.35576004965,-61.5157799454866,"82","Santa Fe","82021","Castellanos","822364","Susana","82021370","Susana","Localidad simple"
"82021400","Villa Josefina",-31.440752582718,-62.026242839501,"82","Santa Fe","82021","Castellanos","820035","Frontera","82021400","Villa Josefina","Localidad simple"
"82021420","Virginia",-30.7395005598703,-61.3401262919996,"82","Santa Fe","82021","Castellanos","822399","Virginia","82021420","Virginia","Localidad simple"
"82021240","Lehmann",-31.1253730242692,-61.4523785759401,"82","Santa Fe","82021","Castellanos","822287","Lehmann","82021240","Lehmann","Localidad simple"
"82021310","Rafaela",-31.2526675330419,-61.4916615599108,"82","Santa Fe","82021","Castellanos","820042","Rafaela","82021310","Rafaela","Localidad simple"
"82021320","Ramona",-31.091856395804,-61.9024722865138,"82","Santa Fe","82021","Castellanos","822329","Ramona","82021320","Ramona","Localidad simple"
"82021340","San Vicente",-31.6991603621321,-61.5673740131608,"82","Santa Fe","82021","Castellanos","820045","San Vicente","82021340","San Vicente","Localidad simple"
"82021300","Pueblo Marini",-31.0387256645064,-61.8893820195361,"82","Santa Fe","82021","Castellanos","822322","Pueblo Marini","82021300","Pueblo Marini","Localidad simple"
"82021260","Nueva Lehmann",-31.118904985754,-61.515198965269,"82","Santa Fe","82021","Castellanos","822287","Lehmann","82021260","Nueva Lehmann","Localidad simple"
"82021290","Presidente Roca",-31.2121761083784,-61.6135224222095,"82","Santa Fe","82021","Castellanos","822315","Presidente Roca","82021290","Presidente Roca","Localidad simple"
"82021220","Humberto Primo",-30.8683328011905,-61.3479428371346,"82","Santa Fe","82021","Castellanos","822273","Humberto Primo","82021220","Humberto Primo","Localidad simple"
"82021080","Castellanos",-31.2088593703458,-61.7242311672893,"82","Santa Fe","82021","Castellanos","822168","Castellanos","82021080","Castellanos","Componente de localidad compuesta"
"82021180","Eusebia y Carolina",-30.9477277818981,-61.8560758566218,"82","Santa Fe","82021","Castellanos","822231","Eusebia y Carolina","82021180","Eusebia y Carolina","Localidad simple"
"82021200","Frontera",-31.4264633022883,-62.059209344983,"82","Santa Fe","82021","Castellanos","820035","Frontera","82021200","Frontera","Componente de localidad compuesta"
"82021140","Egusquiza",-31.0954544120843,-61.6279248126475,"82","Santa Fe","82021","Castellanos","822210","Egusquiza","82021140","Egusquiza","Localidad simple"
"82021090","Colonia Bicha",-30.8541295519254,-61.8495354585601,"82","Santa Fe","82021","Castellanos","822154","Colonia Bicha","82021090","Colonia Bicha","Localidad simple"
"82021160","Estación Clucellas",-31.5241082220733,-61.7183551326224,"82","Santa Fe","82021","Castellanos","822224","Estación Clucellas","82021160","Estación Clucellas","Localidad simple"
"82021100","Colonia Cello",-31.4321287986873,-61.8413750424244,"82","Santa Fe","82021","Castellanos","822175","Colonia Cello","82021100","Colonia Cello","Localidad simple"
"82021130","Coronel Fraga",-31.1744691752842,-61.917483026423,"82","Santa Fe","82021","Castellanos","822203","Coronel Fraga","82021130","Coronel Fraga","Localidad simple"
"82021110","Colonia Margarita",-31.6859924749547,-61.6477226141247,"82","Santa Fe","82021","Castellanos","822189","Colonia Margarita","82021110","Colonia Margarita","Localidad simple"
"82021060","Bauer y Sigel",-31.2715587040161,-61.9430176040882,"82","Santa Fe","82021","Castellanos","822133","Bauer y Sigel","82021060","Bauer y Sigel","Localidad simple"
"82021010","Aldao",-30.9805768820895,-61.7432530327355,"82","Santa Fe","82021","Castellanos","822147","Colonia Aldao","82021010","Aldao","Localidad simple"
"82021020","Angélica",-31.5507318167569,-61.5463385545526,"82","Santa Fe","82021","Castellanos","822112","Angélica","82021020","Angélica","Localidad simple"
"82021050","Barrios Acapulco y Veracruz",-31.4154006894239,-62.0586206059622,"82","Santa Fe","82021","Castellanos","822280","Josefina","82021050","Barrios Acapulco y Veracruz","Componente de localidad compuesta"
"82021040","Aurelia",-31.4196511955745,-61.4224618233111,"82","Santa Fe","82021","Castellanos","822126","Aurelia","82021040","Aurelia","Localidad simple"
"82021280","Plaza Saguier",-31.3242843684607,-61.6680539303171,"82","Santa Fe","82021","Castellanos","822336","Saguier","82021280","Plaza Saguier","Localidad simple"
"82021360","Sunchales",-30.945077034013,-61.5606621388413,"82","Santa Fe","82021","Castellanos","820049","Sunchales","82021360","Sunchales","Localidad simple"
"82021350","Santa Clara de Saguier",-31.3357488091457,-61.8178384862409,"82","Santa Fe","82021","Castellanos","822357","Santa Clara de Saguier","82021350","Santa Clara de Saguier","Localidad simple"
"82028030","Barrio Mitre",-33.2517230130873,-60.3888354800097,"82","Santa Fe","82028","Constitución","822490","Pavón","82028030","Barrio Mitre","Componente de localidad compuesta"
"82028140","Máximo Paz",-33.483177504226,-60.9561048192364,"82","Santa Fe","82028","Constitución","822483","Máximo Paz","82028140","Máximo Paz","Localidad simple"
"82028110","Juan B. Molina",-33.4938372185306,-60.5107844353139,"82","Santa Fe","82028","Constitución","822462","Juan B. Molina","82028110","Juan B. Molina","Localidad simple"
"82028130","La Vanguardia",-33.3579976554596,-60.6573745480685,"82","Santa Fe","82028","Constitución","822476","La Vanguardia","82028130","La Vanguardia","Localidad simple"
"82028010","Alcorta",-33.5381781092336,-61.1239279068517,"82","Santa Fe","82028","Constitución","822413","Alcorta","82028010","Alcorta","Localidad simple"
"82028050","Cañada Rica",-33.516017756468,-60.6101051449502,"82","Santa Fe","82028","Constitución","822427","Cañada Rica","82028050","Cañada Rica","Localidad simple"
"82028090","General Gelly",-33.6001762745689,-60.5979139757829,"82","Santa Fe","82028","Constitución","822448","General Gelly","82028090","General Gelly","Localidad simple"
"82028170","Peyrano",-33.5377799155476,-60.7997182059749,"82","Santa Fe","82028","Constitución","822504","Peyrano","82028170","Peyrano","Localidad simple"
"82028070","Empalme Villa Constitución",-33.2611690764412,-60.3796047256777,"82","Santa Fe","82028","Constitución","822441","Empalme Villa Constitución","82028070","Empalme Villa Constitución","Componente de localidad compuesta"
"82028040","Bombal",-33.4579749568213,-61.3182115413674,"82","Santa Fe","82028","Constitución","822420","Bombal","82028040","Bombal","Localidad simple"
"82028080","Firmat",-33.4390719432329,-61.4821108501604,"82","Santa Fe","82028","Constitución","820063","Firmat","82028080","Firmat","Componente de localidad compuesta"
"82028060","Cepeda",-33.3981788372399,-60.6239149068104,"82","Santa Fe","82028","Constitución","822434","Cepeda","82028060","Cepeda","Localidad simple"
"82028150","Pavón",-33.242900662257,-60.4071124151166,"82","Santa Fe","82028","Constitución","822490","Pavón","82028150","Pavón","Localidad simple"
"82028120","Juncal",-33.7162803631951,-61.050912152287,"82","Santa Fe","82028","Constitución","822469","Juncal","82028120","Juncal","Localidad simple"
"82028020","Barrio Arroyo del Medio",-33.2836144223814,-60.2714238037976,"82","Santa Fe","82028","Constitución","820056","Villa Constitución","82028020","Barrio Arroyo del Medio","Componente de localidad compuesta"
"82028210","Stephenson",-33.4143409934794,-60.5594232427324,"82","Santa Fe","82028","Constitución","822434","Cepeda","82028210","Stephenson","Localidad simple"
"82028220","Theobald",-33.31097736103,-60.3123732147956,"82","Santa Fe","82028","Constitución","822532","Theobald","82028220","Theobald","Localidad simple"
"82028230","Villa Constitución",-33.2272700267226,-60.3297498159995,"82","Santa Fe","82028","Constitución","820056","Villa Constitución","82028230","Villa Constitución","Localidad simple"
"82028200","Sargento Cabral",-33.4313349259189,-60.6292865658996,"82","Santa Fe","82028","Constitución","822525","Sargento Cabral","82028200","Sargento Cabral","Localidad simple"
"82028190","Santa Teresa",-33.4366466949144,-60.7904875487752,"82","Santa Fe","82028","Constitución","822518","Santa Teresa","82028190","Santa Teresa","Localidad simple"
"82028180","Rueda",-33.335935157877,-60.4587807187351,"82","Santa Fe","82028","Constitución","822511","Rueda","82028180","Rueda","Localidad simple"
"82028160","Pavón Arriba",-33.3115885168245,-60.8242985579761,"82","Santa Fe","82028","Constitución","822497","Pavón Arriba","82028160","Pavón Arriba","Localidad simple"
"82035020","Helvecia",-31.1023583664882,-60.088892156522,"82","Santa Fe","82035","Garay","822553","Helvecia","82035020","Helvecia","Localidad simple"
"82035050","Santa Rosa de Calchines",-31.4203863328414,-60.3326831079652,"82","Santa Fe","82035","Garay","822567","Santa Rosa de Calchines","82035050","Santa Rosa de Calchines","Localidad simple"
"82035010","Cayastá",-31.2007506608006,-60.1593537908308,"82","Santa Fe","82035","Garay","822539","Cayastá","82035010","Cayastá","Localidad simple"
"82035030","Los Zapallos",-31.4920030542134,-60.4289774874059,"82","Santa Fe","82035","Garay","822567","Santa Rosa de Calchines","82035030","Los Zapallos","Localidad simple"
"82035040","Saladero Mariano Cabal",-30.8806050987998,-60.035242547062,"82","Santa Fe","82035","Garay","822560","Saladero Mariano Cabal","82035040","Saladero Mariano Cabal","Localidad simple"
"82042210","Murphy",-33.6422977767819,-61.8583359216397,"82","Santa Fe","82042","General López","822707","Murphy","82042210","Murphy","Localidad simple"
"82042170","Maggiolo",-33.7210982111063,-62.2462478280245,"82","Santa Fe","82042","General López","822679","Maggiolo","82042170","Maggiolo","Localidad simple"
"82042200","Miguel Torres",-33.5264616524828,-61.4658726912491,"82","Santa Fe","82042","General López","822700","Miguel Torres","82042200","Miguel Torres","Localidad simple"
"82056130","Serodino",-32.603740815386,-60.9474006363592,"82","Santa Fe","82056","Iriondo","822938","Serodino","82056130","Serodino","Localidad simple"
"82042240","San Francisco de Santa Fe",-33.5884953061257,-62.1239022373484,"82","Santa Fe","82042","General López","822721","San Francisco de Santa Fe","82042240","San Francisco de Santa Fe","Localidad simple"
"82042120","Firmat",-33.4581435162634,-61.4862103569169,"82","Santa Fe","82042","General López","820063","Firmat","82042120","Firmat","Componente de localidad compuesta"
"82042040","Cañada del Ucle",-33.4094669300853,-61.605596605818,"82","Santa Fe","82042","General López","822595","Cañada del Ucle","82042040","Cañada del Ucle","Localidad simple"
"82042020","Amenábar",-34.1335779750064,-62.4233878729623,"82","Santa Fe","82042","General López","822581","Amenábar","82042020","Amenábar","Localidad simple"
"82042080","Chovet",-33.5989940510529,-61.6039571058646,"82","Santa Fe","82042","General López","822623","Chovet","82042080","Chovet","Localidad simple"
"82042160","Lazzarino",-34.1654637732041,-62.4281209086302,"82","Santa Fe","82042","General López","822672","Lazzarino","82042160","Lazzarino","Localidad simple"
"82042010","Aarón Castellanos",-34.3327855490831,-62.3740821248797,"82","Santa Fe","82042","General López","822574","Aarón Castellanos","82042010","Aarón Castellanos","Localidad simple"
"82042060","Carreras",-33.5961449282005,-61.3109487178776,"82","Santa Fe","82042","General López","822609","Carreras","82042060","Carreras","Localidad simple"
"82042030","Cafferata",-33.4395372322313,-62.0861877325733,"82","Santa Fe","82042","General López","822588","Cafferata","82042030","Cafferata","Localidad simple"
"82042070","Chapuy",-33.8007101841227,-61.7443138485302,"82","Santa Fe","82042","General López","822616","Chapuy","82042070","Chapuy","Localidad simple"
"82042140","La Chispa",-33.5442045583921,-61.974064050285,"82","Santa Fe","82042","General López","822658","La Chispa","82042140","La Chispa","Localidad simple"
"82042290","Venado Tuerto",-33.7454991566739,-61.9687335249201,"82","Santa Fe","82042","General López","820077","Venado Tuerto","82042290","Venado Tuerto","Localidad simple"
"82042110","Elortondo",-33.7019837173575,-61.6150579597447,"82","Santa Fe","82042","General López","822644","Elortondo","82042110","Elortondo","Localidad simple"
"82042100","Diego de Alvear",-34.372650342893,-62.128215946094,"82","Santa Fe","82042","General López","822637","Diego de Alvear","82042100","Diego de Alvear","Localidad simple"
"82042130","Hughes",-33.8012011812235,-61.3361332085882,"82","Santa Fe","82042","General López","822651","Hughes","82042130","Hughes","Localidad simple"
"82042150","Labordeboy",-33.7176460275389,-61.3140764679232,"82","Santa Fe","82042","General López","822665","Labordeboy","82042150","Labordeboy","Localidad simple"
"82042050","Carmen",-33.7303394132758,-61.7622696013833,"82","Santa Fe","82042","General López","822602","Carmen","82042050","Carmen","Localidad simple"
"82042220","Rufino",-34.261872818369,-62.7110666031258,"82","Santa Fe","82042","General López","820070","Rufino","82042220","Rufino","Localidad simple"
"82042190","Melincué",-33.6611434455621,-61.4569901150449,"82","Santa Fe","82042","General López","822693","Melincué","82042190","Melincué","Localidad simple"
"82042180","María Teresa",-34.0127219494537,-61.914752001855,"82","Santa Fe","82042","General López","822686","María Teresa","82042180","María Teresa","Localidad simple"
"82042090","Christophersen",-34.1831072305664,-62.0259622627198,"82","Santa Fe","82042","General López","822630","Christophersen","82042090","Christophersen","Localidad simple"
"82042280","Teodelina",-34.1895733079562,-61.5265215961979,"82","Santa Fe","82042","General López","822749","Teodelina","82042280","Teodelina","Localidad simple"
"82042300","Villa Cañás",-34.0042771998924,-61.6058282845616,"82","Santa Fe","82042","General López","820084","Villa Cañás","82042300","Villa Cañás","Localidad simple"
"82042270","Santa Isabel",-33.8876581822352,-61.6959373296916,"82","Santa Fe","82042","General López","822742","Santa Isabel","82042270","Santa Isabel","Localidad simple"
"82042260","Sancti Spiritu",-34.0077256422035,-62.2415412953365,"82","Santa Fe","82042","General López","822735","Sancti Spiritu","82042260","Sancti Spiritu","Localidad simple"
"82042310","Wheelwright",-33.79230943217,-61.2106951750694,"82","Santa Fe","82042","General López","822756","Wheelwright","82042310","Wheelwright","Localidad simple"
"82042250","San Gregorio",-34.3253785024948,-62.0358132414126,"82","Santa Fe","82042","General López","822728","San Gregorio","82042250","San Gregorio","Localidad simple"
"82042230","San Eduardo",-33.8712462134573,-62.0889258795741,"82","Santa Fe","82042","General López","822714","San Eduardo","82042230","San Eduardo","Localidad simple"
"82049100","La Sarita",-28.9728290317255,-59.8488371729784,"82","Santa Fe","82049","General Obligado","822819","La Sarita","82049100","La Sarita","Localidad simple"
"82049060","Florencia",-28.0406318158628,-59.2180147556736,"82","Santa Fe","82049","General Obligado","820095","Florencia","82049060","Florencia","Localidad simple"
"82049140","Los Laureles",-29.3686478129094,-59.7361917149176,"82","Santa Fe","82049","General Obligado","822840","Los Laureles","82049140","Los Laureles","Localidad simple"
"82049020","Avellaneda",-29.1175214810381,-59.6584720787821,"82","Santa Fe","82049","General Obligado","820091","Avellaneda","82049020","Avellaneda","Componente de localidad compuesta"
"82049040","El Araza",-29.1329996980097,-59.9475820089713,"82","Santa Fe","82049","General Obligado","822777","El Araza","82049040","El Araza","Localidad simple"
"82049180","Reconquista",-29.1445173299237,-59.6435478986104,"82","Santa Fe","82049","General Obligado","820112","Reconquista","82049180","Reconquista","Componente de localidad compuesta"
"82049190","San Antonio de Obligado",-28.3842534518135,-59.2643877245439,"82","Santa Fe","82049","General Obligado","822854","San Antonio de Obligado","82049190","San Antonio de Obligado","Localidad simple"
"82049010","Arroyo Ceibal",-28.7230812436559,-59.4776976866332,"82","Santa Fe","82049","General Obligado","822763","Arroyo Ceibal","82049010","Arroyo Ceibal","Localidad simple"
"82049070","Guadalupe Norte",-28.9450535978396,-59.5636259310249,"82","Santa Fe","82049","General Obligado","822805","Guadalupe Norte","82049070","Guadalupe Norte","Localidad simple"
"82049080","Ingeniero Chanourdie",-28.7598125278448,-59.5772332721616,"82","Santa Fe","82049","General Obligado","822812","Ingeniero Chanourdie","82049080","Ingeniero Chanourdie","Localidad simple"
"82049050","El Rabón",-28.2211776099941,-59.2642198971569,"82","Santa Fe","82049","General Obligado","822784","El Rabón","82049050","El Rabón","Localidad simple"
"82049110","Lanteri",-28.8400067339902,-59.6351942811771,"82","Santa Fe","82049","General Obligado","822826","Lanteri","82049110","Lanteri","Localidad simple"
"82056050","Classon",-32.4623773523095,-61.2903951726398,"82","Santa Fe","82056","Iriondo","822896","Classon","82056050","Classon","Localidad simple"
"82049200","Tacuarendí",-28.417846866381,-59.2572259918044,"82","Santa Fe","82049","General Obligado","822861","Tacuarendi","82049200","Tacuarendi","Localidad simple"
"82049090","La Isleta",-28.4921695581722,-59.294192674801,"82","Santa Fe","82049","General Obligado","820119","Villa Ocampo","82049090","La Isleta","Localidad simple"
"82049150","Malabrigo",-29.3487955627013,-59.9699052577942,"82","Santa Fe","82049","General Obligado","820105","Malabrigo","82049150","Malabrigo","Localidad simple"
"82049160","Paraje San Manuel",-28.8736092974744,-59.8659812590545,"82","Santa Fe","82049","General Obligado","822819","La Sarita","82049160","Paraje San Manuel","Localidad simple"
"82049210","Villa Ana",-28.492662372008,-59.6133285645851,"82","Santa Fe","82049","General Obligado","822868","Villa Ana","82049210","Villa Ana","Localidad simple"
"82049130","Las Toscas",-28.3548928359752,-59.2593016748146,"82","Santa Fe","82049","General Obligado","820098","Las Toscas","82049130","Las Toscas","Localidad simple"
"82049230","Villa Ocampo",-28.4867726127175,-59.3547473252942,"82","Santa Fe","82049","General Obligado","820119","Villa Ocampo","82049230","Villa Ocampo","Localidad simple"
"82049220","Villa Guillermina",-28.2445243528436,-59.4514812904741,"82","Santa Fe","82049","General Obligado","822875","Villa Guillermina","82049220","Villa Guillermina","Localidad simple"
"82049120","Las Garzas",-28.8471373739071,-59.4996545959492,"82","Santa Fe","82049","General Obligado","822833","Las Garzas","82049120","Las Garzas","Localidad simple"
"82049030","Berna",-29.2726680150419,-59.8453110954468,"82","Santa Fe","82049","General Obligado","822770","Berna","82049030","Berna","Localidad simple"
"82049170","Puerto Reconquista",-29.2337532984465,-59.5810401119851,"82","Santa Fe","82049","General Obligado","820112","Reconquista","82049170","Puerto Reconquista","Localidad simple"
"82070310","Sarmiento",-31.0588068148206,-61.1671974799289,"82","Santa Fe","82070","Las Colonias","823267","Sarmiento","82070310","Sarmiento","Localidad simple"
"82056160","Villa La Rivera (Oliveros)",-32.6349730637308,-60.8202265666262,"82","Santa Fe","82056","Iriondo","822917","Oliveros","82056160","Villa La Ribera (Oliveros)","Componente de localidad compuesta"
"82056170","Villa La Rivera (Pueblo Andino)",-32.6388659356076,-60.8226652162287,"82","Santa Fe","82056","Iriondo","822924","Pueblo Andino","82056170","Villa La Ribera (Pueblo Andino)","Componente de localidad compuesta"
"82056070","Correa",-32.8486177247202,-61.2544973435105,"82","Santa Fe","82056","Iriondo","822903","Correa","82056070","Correa","Localidad simple"
"82056060","Colonia Médici",-32.5975464245976,-61.3779651267946,"82","Santa Fe","82056","Iriondo","822882","Bustinza","82056060","Colonia Médici","Localidad simple"
"82056110","Pueblo Andino",-32.6699421082672,-60.8753783738369,"82","Santa Fe","82056","Iriondo","822924","Pueblo Andino","82056110","Pueblo Andino","Localidad simple"
"82056030","Cañada de Gómez",-32.8212161641876,-61.3951986808447,"82","Santa Fe","82056","Iriondo","820126","Cañada de Gómez","82056030","Cañada de Gómez","Localidad simple"
"82056150","Villa Eloísa",-32.9638882646234,-61.5510135195736,"82","Santa Fe","82056","Iriondo","822945","Villa Eloísa","82056150","Villa Eloísa","Localidad simple"
"82056120","Salto Grande",-32.6660588029387,-61.0882080982879,"82","Santa Fe","82056","Iriondo","822931","Salto Grande","82056120","Salto Grande","Localidad simple"
"82056080","Larguía",-32.5519832443993,-61.2185806478785,"82","Santa Fe","82056","Iriondo","820133","Totoras","82056080","Larguía","Localidad simple"
"82056040","Carrizales",-32.5087389329534,-61.0322035764827,"82","Santa Fe","82056","Iriondo","822889","Carrizales","82056040","Carrizales","Localidad simple"
"82056010","Barrio Cicarelli",-32.6083088053541,-61.3241858495052,"82","Santa Fe","82056","Iriondo","820133","Totoras","82056010","Barrio Cicarelli","Localidad simple"
"82056020","Bustinza",-32.7382426386282,-61.2908199558191,"82","Santa Fe","82056","Iriondo","822882","Bustinza","82056020","Bustinza","Localidad simple"
"82056100","Oliveros",-32.5739334256463,-60.8546423192064,"82","Santa Fe","82056","Iriondo","822917","Oliveros","82056100","Oliveros","Localidad simple"
"82056090","Lucio V. López",-32.7153962408456,-61.0174588271492,"82","Santa Fe","82056","Iriondo","822910","Lucio V. López","82056090","Lucio V. López","Localidad simple"
"82056140","Totoras",-32.5842724902691,-61.1666997390063,"82","Santa Fe","82056","Iriondo","820133","Totoras","82056140","Totoras","Localidad simple"
"82063030","Arroyo Leyes",-31.558725563739,-60.5175080046711,"82","Santa Fe","82063","La Capital","822959","Arroyo Leyes","82063030","Arroyo Leyes","Componente de localidad compuesta"
"82063120","Paraje Chaco Chico",-31.5665071502413,-60.6615195422776,"82","Santa Fe","82063","La Capital","823001","Monte Vera","82063120","Paraje Chaco Chico","Localidad simple"
"82063170","Santa Fe",-31.6574749533861,-60.7104784410123,"82","Santa Fe","82063","La Capital","820147","Santa Fe","82063170","Santa Fe","Componente de localidad compuesta"
"82063080","Laguna Paiva",-31.3073577549174,-60.6599224679659,"82","Santa Fe","82063","La Capital","820140","Laguna Paiva","82063080","Laguna Paiva","Localidad simple"
"82063050","Campo Andino",-31.2390549183719,-60.5298070316869,"82","Santa Fe","82063","La Capital","822973","Campo Andino","82063050","Campo Andino","Localidad simple"
"82063110","Nelson",-31.2658325064826,-60.7644507999057,"82","Santa Fe","82063","La Capital","823008","Nelson","82063110","Nelson","Localidad simple"
"82063090","Llambi Campbell",-31.1841834739127,-60.7476804302059,"82","Santa Fe","82063","La Capital","822994","Llambí Campbell","82063090","Llambi Campbell","Localidad simple"
"82063010","Angel Gallardo",-31.5558263149001,-60.678416469082,"82","Santa Fe","82063","La Capital","823001","Monte Vera","82063010","Angel Gallardo","Localidad simple"
"82063070","Emilia",-31.0590191161974,-60.7449082069823,"82","Santa Fe","82063","La Capital","822987","Emilia","82063070","Emilia","Localidad simple"
"82063150","Rincón Potrero",-31.5289972020988,-60.4799970669308,"82","Santa Fe","82063","La Capital","822959","Arroyo Leyes","82063150","Rincón Potrero","Localidad simple"
"82063160","San José del Rincón",-31.6065059123067,-60.5674419427924,"82","Santa Fe","82063","La Capital","820143","San José del Rincón","82063160","San José del Rincón","Componente de localidad compuesta"
"82063180","Santo Tomé",-31.6630187544955,-60.7617223055433,"82","Santa Fe","82063","La Capital","820154","Santo Tomé","82063180","Santo Tomé","Componente de localidad compuesta"
"82063200","Villa Laura",-31.3720648988493,-60.662292610109,"82","Santa Fe","82063","La Capital","822952","Arroyo Aguiar","82063200","Villa Laura","Localidad simple"
"82063140","Recreo",-31.4908931095921,-60.7354488696804,"82","Santa Fe","82063","La Capital","820142","Recreo","82063140","Recreo","Componente de localidad compuesta"
"82063020","Arroyo Aguiar",-31.4320871377067,-60.6679312268466,"82","Santa Fe","82063","La Capital","822952","Arroyo Aguiar","82063020","Arroyo Aguiar","Localidad simple"
"82063190","Sauce Viejo",-31.7710935030777,-60.8371436848116,"82","Santa Fe","82063","La Capital","820158","Sauce Viejo","82063190","Sauce Viejo","Componente de localidad compuesta"
"82063100","Monte Vera",-31.5168015662579,-60.6786765037235,"82","Santa Fe","82063","La Capital","823001","Monte Vera","82063100","Monte Vera","Localidad simple"
"82063130","Paraje La Costa",-31.5153554159097,-60.6132114843972,"82","Santa Fe","82063","La Capital","823001","Monte Vera","82063130","Paraje La Costa","Localidad simple"
"82063060","Candioti",-31.4013903523262,-60.748981610734,"82","Santa Fe","82063","La Capital","822980","Candioti","82063060","Candioti","Localidad simple"
"82063040","Cabal",-31.1039907528184,-60.7271518449152,"82","Santa Fe","82063","La Capital","822966","Cabal","82063040","Cabal","Localidad simple"
"82070040","Empalme San Carlos",-31.5477048152486,-60.8137126653718,"82","Santa Fe","82070","Las Colonias","823064","Empalme San Carlos","82070040","Empalme San Carlos","Localidad simple"
"82070050","Esperanza",-31.4488900966564,-60.9301528760774,"82","Santa Fe","82070","Las Colonias","820161","Esperanza","82070050","Esperanza","Localidad simple"
"82070080","Grutly",-31.2686901160947,-61.071972167969,"82","Santa Fe","82070","Las Colonias","823085","Grutly","82070080","Grutly","Localidad simple"
"82070010","Cavour",-31.3648044588544,-61.0165431998554,"82","Santa Fe","82070","Las Colonias","823036","Cavour","82070010","Cavour","Localidad simple"
"82070130","Las Tunas",-31.5718902464727,-60.9961316027549,"82","Santa Fe","82070","Las Colonias","823127","Las Tunas","82070130","Las Tunas","Localidad simple"
"82070100","Humboldt",-31.4008584245866,-61.0822981722449,"82","Santa Fe","82070","Las Colonias","823099","Humboldt","82070100","Humboldt","Localidad simple"
"82070140","María Luisa",-31.0108438391605,-60.9107615775877,"82","Santa Fe","82070","Las Colonias","823134","María Luisa","82070140","María Luisa","Localidad simple"
"82070200","Providencia",-30.9827403142746,-61.021127137163,"82","Santa Fe","82070","Las Colonias","823169","Providencia","82070200","Providencia","Localidad simple"
"82070110","Jacinto L. Aráuz",-30.7342982152469,-60.9755533250682,"82","Santa Fe","82070","Las Colonias","823113","Jacinto L. Aráuz","82070110","Jacinto L. Aráuz","Localidad simple"
"82070240","San Carlos Norte",-31.6735445793516,-61.0747670253268,"82","Santa Fe","82070","Las Colonias","823204","San Carlos Norte","82070240","San Carlos Norte","Localidad simple"
"82070180","Plaza Matilde",-31.7962668841232,-61.0100134903629,"82","Santa Fe","82070","Las Colonias","823141","Matilde","82070180","Plaza Matilde","Localidad simple"
"82070210","Sa Pereyra",-31.5704558103065,-61.376534144157,"82","Santa Fe","82070","Las Colonias","823190","Sa Pereyra","82070210","Sa Pereyra","Localidad simple"
"82070170","Pilar",-31.4404106897364,-61.2595980555326,"82","Santa Fe","82070","Las Colonias","823155","Pilar","82070170","Pilar","Localidad simple"
"82070220","San Agustín",-31.6828736489464,-60.9406357226933,"82","Santa Fe","82070","Las Colonias","823197","San Agustín","82070220","San Agustín","Localidad simple"
"82070260","San Jerónimo del Sauce",-31.6090293079564,-61.1413538950116,"82","Santa Fe","82070","Las Colonias","823218","San Jerónimo del Sauce","82070260","San Jerónimo del Sauce","Localidad simple"
"82070250","San Carlos Sud",-31.7608202850359,-61.1005778448837,"82","Santa Fe","82070","Las Colonias","823211","San Carlos Sud","82070250","San Carlos Sud","Componente de localidad compuesta"
"82070160","Nuevo Torino",-31.3450074576332,-61.2351345818364,"82","Santa Fe","82070","Las Colonias","823148","Nuevo Torino","82070160","Nuevo Torino","Localidad simple"
"82070280","San Mariano",-31.6684130728593,-61.3474426434473,"82","Santa Fe","82070","Las Colonias","823232","San Mariano","82070280","San Mariano","Localidad simple"
"82070300","Santo Domingo",-31.1204662128969,-60.8879939509265,"82","Santa Fe","82070","Las Colonias","823260","Santo Domingo","82070300","Santo Domingo","Localidad simple"
"82070290","Santa Clara de Buena Vista",-31.7623724410191,-61.3157990016507,"82","Santa Fe","82070","Las Colonias","823239","Santa Clara de Buena Vista","82070290","Santa Clara de Buena Vista","Localidad simple"
"82070060","Felicia",-31.2445463733771,-61.2121864965225,"82","Santa Fe","82070","Las Colonias","823071","Felicia","82070060","Felicia","Localidad simple"
"82070020","Cululú",-31.2060921384088,-60.930019007513,"82","Santa Fe","82070","Las Colonias","823050","Cululú","82070020","Cululú","Localidad simple"
"82070190","Progreso",-31.1378669003006,-60.9896422265588,"82","Santa Fe","82070","Las Colonias","823162","Progreso","82070190","Progreso","Localidad simple"
"82070120","La Pelada",-30.8662414882249,-60.9682925850045,"82","Santa Fe","82070","Las Colonias","823120","La Pelada","82070120","La Pelada","Localidad simple"
"82070230","San Carlos Centro",-31.7265876198786,-61.0907301349574,"82","Santa Fe","82070","Las Colonias","820168","San Carlos Centro","82070230","San Carlos Centro","Componente de localidad compuesta"
"82070270","San Jerónimo Norte",-31.5527079170333,-61.0779235360263,"82","Santa Fe","82070","Las Colonias","820171","San Jerónimo Norte","82070270","San Jerónimo Norte","Localidad simple"
"82070070","Franck",-31.5871896835148,-60.9383404041712,"82","Santa Fe","82070","Las Colonias","823078","Franck","82070070","Franck","Localidad simple"
"82070090","Hipatía",-31.1255765836408,-61.033006407965,"82","Santa Fe","82070","Las Colonias","823092","Hipatía","82070090","Hipatía","Localidad simple"
"82070150","Matilde",-31.7915781038709,-60.9799453959542,"82","Santa Fe","82070","Las Colonias","823141","Matilde","82070150","Matilde","Localidad simple"
"82070030","Elisa",-30.6944926833677,-61.0494002740529,"82","Santa Fe","82070","Las Colonias","823057","Elisa","82070030","Elisa","Localidad simple"
"82077065","San Bernardo",-28.6674118377273,-61.5280166384228,"82","Santa Fe","82077","9 de Julio","823330","San Bernardo","82077065","San Bernardo","Localidad simple"
"82077010","Esteban Rams",-29.7724217463121,-61.489981972125,"82","Santa Fe","82077","9 de Julio","823281","Esteban Rams","82077010","Esteban Rams","Localidad simple"
"82077020","Gato Colorado",-28.0223897190306,-61.1865821797417,"82","Santa Fe","82077","9 de Julio","823288","Gato Colorado","82077020","Gato Colorado","Localidad simple"
"82077030","Gregoria Pérez de Denis",-28.2274527986276,-61.5278160176383,"82","Santa Fe","82077","9 de Julio","823295","Gregoria Pérez de Denis","82077030","Gregoria Pérez de Denis","Localidad simple"
"82077090","Villa Minetti",-28.6229612219036,-61.6267634944818,"82","Santa Fe","82077","9 de Julio","823344","Villa Minetti","82077090","Villa Minetti","Localidad simple"
"82077040","Logroño",-29.5037555445199,-61.6961473349937,"82","Santa Fe","82077","9 de Julio","823309","Logroño","82077040","Logroño","Localidad simple"
"82077070","Santa Margarita",-28.3138236506456,-61.5487543282334,"82","Santa Fe","82077","9 de Julio","823337","Santa Margarita","82077070","Santa Margarita","Localidad simple"
"82077060","Pozo Borrado",-28.9380837222991,-61.7048729556921,"82","Santa Fe","82077","9 de Julio","823323","Pozo Borrado","82077060","Pozo Borrado","Localidad simple"
"82077050","Montefiore",-29.6686952143335,-61.8668950035658,"82","Santa Fe","82077","9 de Julio","823316","Montefiore","82077050","Montefiore","Localidad simple"
"82077080","Tostado",-29.2327297041075,-61.7712078626857,"82","Santa Fe","82077","9 de Julio","820175","Tostado","82077080","Tostado","Localidad simple"
"82084230","Pueblo Esther",-33.0722930332082,-60.5749935688429,"82","Santa Fe","82084","Rosario","820207","Pueblo Esther","82084230","Pueblo Esther","Localidad simple"
"82084070","Arroyo Seco",-33.1581385210504,-60.5119382186795,"82","Santa Fe","82084","Rosario","820182","Arroyo Seco","82084070","Arroyo Seco","Localidad simple"
"82084190","Los Muchachos - La Alborada",-33.0902979325778,-60.7363300440491,"82","Santa Fe","82084","Rosario","823421","Piñero","82084190","Los Muchachos - La Alborada","Localidad simple"
"82084290","Villa Amelia",-33.1759079593172,-60.664101151059,"82","Santa Fe","82084","Rosario","823456","Villa Amelia","82084290","Villa Amelia","Localidad simple"
"82084300","Villa del Plata",-33.1262945685022,-60.7069216732872,"82","Santa Fe","82084","Rosario","823456","Villa Amelia","82084300","Villa del Plata","Componente de localidad compuesta"
"82084050","Arbilla",-33.0910657594171,-60.6984776478447,"82","Santa Fe","82084","Rosario","823372","Alvear","82084050","Arbilla","Localidad simple"
"82084030","Álvarez",-33.1280901191077,-60.8061899822764,"82","Santa Fe","82084","Rosario","823365","Álvarez","82084030","Álvarez","Localidad simple"
"82084040","Alvear",-33.0578411745076,-60.6198434734122,"82","Santa Fe","82084","Rosario","823372","Alvear","82084040","Alvear","Localidad simple"
"82084120","El Caramelo",-33.128516221415,-60.7134010873951,"82","Santa Fe","82084","Rosario","823365","Álvarez","82084120","El Caramelo","Componente de localidad compuesta"
"82084080","Carmen del Sauce",-33.2360266733981,-60.8117710579368,"82","Santa Fe","82084","Rosario","823386","Carmen del Sauce","82084080","Carmen del Sauce","Localidad simple"
"82084020","Albarellos",-33.2395386776406,-60.6367606409017,"82","Santa Fe","82084","Rosario","823358","Albarellos","82084020","Albarellos","Localidad simple"
"82084240","Pueblo Muñóz",-33.1720463201281,-60.8980737633767,"82","Santa Fe","82084","Rosario","823435","Pueblo Muñoz","82084240","Pueblo Muñóz","Localidad simple"
"82084060","Arminda",-33.2635759248671,-60.9678819494211,"82","Santa Fe","82084","Rosario","823379","Arminda","82084060","Arminda","Localidad simple"
"82084200","Monte Flores",-33.0763377572597,-60.633435016675,"82","Santa Fe","82084","Rosario","823372","Alvear","82084200","Monte Flores","Localidad simple"
"82084160","Granadero Baigorria",-32.8618305060886,-60.7063332396164,"82","Santa Fe","82084","Rosario","820196","Granadero Baigorria","82084160","Granadero Baigorria","Componente de localidad compuesta"
"82084010","Acébal",-33.2417639582494,-60.836480369897,"82","Santa Fe","82084","Rosario","823351","Acebal","82084010","Acébal","Localidad simple"
"82084260","Puerto Arroyo Seco",-33.1304153870331,-60.5058458530957,"82","Santa Fe","82084","Rosario","820182","Arroyo Seco","82084260","Puerto Arroyo Seco","Localidad simple"
"82084130","Fighiera",-33.1938621179459,-60.4694380490748,"82","Santa Fe","82084","Rosario","823400","Fighiera","82084130","Fighiera","Localidad simple"
"82084220","Piñero",-33.1091396602734,-60.796112390481,"82","Santa Fe","82084","Rosario","823421","Piñero","82084220","Piñero","Localidad simple"
"82084170","Ibarlucea",-32.8518641103817,-60.7854799082173,"82","Santa Fe","82084","Rosario","823414","Ibarlucea","82084170","Ibarlucea","Localidad simple"
"82084100","Coronel Rodolfo S. Domínguez",-33.1837048790854,-60.7219810563401,"82","Santa Fe","82084","Rosario","823470","Coronel Domínguez","82084100","Coronel Domínguez","Localidad simple"
"82084210","Pérez",-32.9988721693539,-60.7698686117531,"82","Santa Fe","82084","Rosario","820203","Pérez","82084210","Pérez","Componente de localidad compuesta"
"82084180","Kilómetro 101",-33.0587898573267,-60.6849723150831,"82","Santa Fe","82084","Rosario","823372","Alvear","82084180","Kilómetro 101","Localidad simple"
"82084140","Funes",-32.920864509257,-60.8114362900311,"82","Santa Fe","82084","Rosario","820189","Funes","82084140","Funes","Componente de localidad compuesta"
"82084280","Soldini",-33.0275840215076,-60.7567548485249,"82","Santa Fe","82084","Rosario","823442","Soldini","82084280","Soldini","Componente de localidad compuesta"
"82084250","Pueblo Uranga",-33.2660372695069,-60.7052495930472,"82","Santa Fe","82084","Rosario","823449","Uranga","82084250","Pueblo Uranga","Localidad simple"
"82084320","Zavalla",-33.019631886479,-60.8784970110083,"82","Santa Fe","82084","Rosario","823463","Zavalla","82084320","Zavalla","Localidad simple"
"82084090","Coronel Bogado",-33.3158545338128,-60.6026772155148,"82","Santa Fe","82084","Rosario","823393","Coronel Bogado","82084090","Coronel Bogado","Localidad simple"
"82084110","Cuatro Esquinas",-33.2442614331838,-60.7643248990354,"82","Santa Fe","82084","Rosario","823386","Carmen del Sauce","82084110","Cuatro Esquinas","Localidad simple"
"82084150","General Lagos",-33.1100430426219,-60.5645578429181,"82","Santa Fe","82084","Rosario","823407","General Lagos","82084150","General Lagos","Localidad simple"
"82084270","Rosario",-32.9472133838031,-60.6331755763544,"82","Santa Fe","82084","Rosario","820210","Rosario","82084270","Rosario","Componente de localidad compuesta"
"82084310","Villa Gobernador Gálvez",-33.025131923588,-60.633689287872,"82","Santa Fe","82084","Rosario","820217","Villa Gobernador Gálvez","82084310","Villa Gobernador Gálvez","Componente de localidad compuesta"
"82091260","Suardi",-30.534423803072,-61.9610054265374,"82","Santa Fe","82091","San Cristóbal","820235","Suardi","82091260","Suardi","Localidad simple"
"82091180","Moisés Ville",-30.715584856026,-61.4695077989661,"82","Santa Fe","82091","San Cristóbal","823603","Moisés Ville","82091180","Moisés Ville","Localidad simple"
"82091050","Capivara",-30.459709764108,-61.27115306531,"82","Santa Fe","82091","San Cristóbal","823498","Capivara","82091050","Capivara","Localidad simple"
"82091160","Las Avispas",-29.8964173793999,-61.2880673055215,"82","Santa Fe","82091","San Cristóbal","823589","Las Avispas","82091160","Las Avispas","Localidad simple"
"82091270","Villa Saralegui",-30.5408409369612,-60.7467789752981,"82","Santa Fe","82091","San Cristóbal","823673","Villa Saralegui","82091270","Villa Saralegui","Localidad simple"
"82091280","Villa Trinidad",-30.2161084399834,-61.8770920891158,"82","Santa Fe","82091","San Cristóbal","823680","Villa Trinidad","82091280","Villa Trinidad","Localidad simple"
"82091090","Colonia Rosa",-30.3003827175452,-61.9838181025651,"82","Santa Fe","82091","San Cristóbal","823519","Colonia Rosa","82091090","Colonia Rosa","Localidad simple"
"82091210","Palacios",-30.7085842464352,-61.6226524252804,"82","Santa Fe","82091","San Cristóbal","823631","Palacios","82091210","Palacios","Localidad simple"
"82091130","Huanqueros",-30.0119939026675,-61.2184652472247,"82","Santa Fe","82091","San Cristóbal","823554","Huanqueros","82091130","Huanqueros","Localidad simple"
"82091140","La Cabral",-30.0868012011416,-61.1783339619544,"82","Santa Fe","82091","San Cristóbal","823561","La Cabral","82091140","La Cabral","Localidad simple"
"82091190","Monigotes",-30.4883676247272,-61.6342311211856,"82","Santa Fe","82091","San Cristóbal","823610","Monigotes","82091190","Monigotes","Localidad simple"
"82091100","Constanza",-30.663518100057,-61.3197338176105,"82","Santa Fe","82091","San Cristóbal","823526","Constanza","82091100","Constanza","Localidad simple"
"82091145","La Lucila",-30.4196656829432,-61.0033083378092,"82","Santa Fe","82091","San Cristóbal","823575","La Lucila","82091145","La Lucila","Localidad simple"
"82091060","Ceres",-29.8818941399429,-61.9450937118177,"82","Santa Fe","82091","San Cristóbal","820224","Ceres","82091060","Ceres","Localidad simple"
"82091020","Ambrosetti",-30.0152416333581,-61.5760229575257,"82","Santa Fe","82091","San Cristóbal","823484","Ambrosetti","82091020","Ambrosetti","Localidad simple"
"82091080","Colonia Bossi",-30.6678459307087,-61.7877436526078,"82","Santa Fe","82091","San Cristóbal","823512","Colonia Bossi","82091080","Colonia Bossi","Localidad simple"
"82091010","Aguará Grande",-30.1161023710274,-60.89426045096,"82","Santa Fe","82091","San Cristóbal","823477","Aguará Grande","82091010","Aguará Grande","Localidad simple"
"82091170","Las Palmeras",-30.6302565241446,-61.6258227206526,"82","Santa Fe","82091","San Cristóbal","823596","Las Palmeras","82091170","Las Palmeras","Localidad simple"
"82091150","La Rubia",-30.1102872894237,-61.793504117004,"82","Santa Fe","82091","San Cristóbal","823582","La Rubia","82091150","La Rubia","Localidad simple"
"82091040","Balneario La Verde",-29.9809130687161,-61.2419055056176,"82","Santa Fe","82091","San Cristóbal","823554","Huanqueros","82091040","Balneario La Verde","Localidad simple"
"82091240","Santurce",-30.1865677486846,-61.1810772669898,"82","Santa Fe","82091","San Cristóbal","823652","Santurce","82091240","Santurce","Localidad simple"
"82091120","Hersilia",-30.0039445489392,-61.8391492625401,"82","Santa Fe","82091","San Cristóbal","823547","Hersilia","82091120","Hersilia","Localidad simple"
"82091250","Soledad",-30.6196492468845,-60.9145137681214,"82","Santa Fe","82091","San Cristóbal","823659","Soledad","82091250","Soledad","Localidad simple"
"82091230","San Guillermo",-30.3584540113083,-61.9173192981809,"82","Santa Fe","82091","San Cristóbal","820233","San Guillermo","82091230","San Guillermo","Localidad simple"
"82091200","Ñanducita",-30.3698188713675,-61.1333760901584,"82","Santa Fe","82091","San Cristóbal","823624","Ñanducita","82091200","Ñanducita","Localidad simple"
"82091030","Arrufo",-30.2324174704935,-61.7280214612071,"82","Santa Fe","82091","San Cristóbal","823491","Arrufo","82091030","Arrufo","Localidad simple"
"82091110","Curupaytí",-30.3961040247517,-61.653130514975,"82","Santa Fe","82091","San Cristóbal","823533","Curupaity","82091110","Curupaytí","Localidad simple"
"82091220","San Cristóbal",-30.3116894195823,-61.2362062523892,"82","Santa Fe","82091","San Cristóbal","820231","San Cristóbal","82091220","San Cristóbal","Localidad simple"
"82091070","Colonia Ana",-30.1437487051909,-61.9136925511771,"82","Santa Fe","82091","San Cristóbal","823505","Colonia Ana","82091070","Colonia Ana","Localidad simple"
"82098060","San Javier",-30.5816675393883,-59.9281005227685,"82","Santa Fe","82098","San Javier","820238","San Javier","82098060","San Javier","Localidad simple"
"82098020","Cacique Ariacaiquín",-30.6563424367287,-60.2298081562417,"82","Santa Fe","82098","San Javier","823694","Cacique Ariacaiquín","82098020","Cacique Ariacaiquín","Localidad simple"
"82098040","La Brava",-30.4477817388248,-60.1409366948519,"82","Santa Fe","82098","San Javier","823708","La Brava","82098040","La Brava","Localidad simple"
"82098050","Romang",-29.4995978982009,-59.7477023849584,"82","Santa Fe","82098","San Javier","820237","Romang","82098050","Romang","Localidad simple"
"82098010","Alejandra",-29.9092096293439,-59.826868622909,"82","Santa Fe","82098","San Javier","823687","Alejandra","82098010","Alejandra","Localidad simple"
"82098030","Colonia Durán",-29.5581192781533,-59.9265923492876,"82","Santa Fe","82098","San Javier","823701","Colonia Durán","82098030","Colonia Durán","Localidad simple"
"82105130","Gálvez",-32.0302817532627,-61.2243286280213,"82","Santa Fe","82105","San Jerónimo","820252","Gálvez","82105130","Gálvez","Localidad simple"
"82105140","Gessler",-31.874298950578,-61.1268640195101,"82","Santa Fe","82105","San Jerónimo","823785","Gessler","82105140","Gessler","Localidad simple"
"82105210","Puerto Aragón",-32.2429521983324,-60.9233125810172,"82","Santa Fe","82105","San Jerónimo","823729","Barrancas","82105210","Puerto Aragón","Localidad simple"
"82105200","Monje",-32.360370426828,-60.9428302735559,"82","Santa Fe","82105","San Jerónimo","823827","Monje","82105200","Monje","Localidad simple"
"82105160","Larrechea",-31.9354149257383,-61.0457516456142,"82","Santa Fe","82105","San Jerónimo","823799","Larrechea","82105160","Larrechea","Localidad simple"
"82105220","San Eugenio",-32.0761717565379,-61.1157987861191,"82","Santa Fe","82105","San Jerónimo","823834","San Eugenio","82105220","San Eugenio","Localidad simple"
"82105090","Coronda",-31.9744848131131,-60.9160919168416,"82","Santa Fe","82105","San Jerónimo","820245","Coronda","82105090","Coronda","Localidad simple"
"82105240","San Genaro",-32.3716513477851,-61.3599440342638,"82","Santa Fe","82105","San Jerónimo","820256","San Genaro","82105240","San Genaro","Componente de localidad compuesta"
"82105190","Maciel",-32.4568417564494,-60.8924601993888,"82","Santa Fe","82105","San Jerónimo","823820","Maciel","82105190","Maciel","Localidad simple"
"82105100","Desvío Arijón",-31.8705513326584,-60.8892460452894,"82","Santa Fe","82105","San Jerónimo","823764","Desvío Arijón","82105100","Desvío Arijón","Localidad simple"
"82105060","Bernardo de Irigoyen",-32.1696834044551,-61.1566874883448,"82","Santa Fe","82105","San Jerónimo","823736","Bernardo de Irigoyen","82105060","Bernardo de Irigoyen","Localidad simple"
"82105010","Arocena",-32.0824865322644,-60.9768144674568,"82","Santa Fe","82105","San Jerónimo","823722","Arocena","82105010","Arocena","Localidad simple"
"82105020","Balneario Monje",-32.3340402520905,-60.8765483675485,"82","Santa Fe","82105","San Jerónimo","823827","Monje","82105020","Balneario Monje","Localidad simple"
"82105080","Centeno",-32.2960243001285,-61.4072475691359,"82","Santa Fe","82105","San Jerónimo","823757","Centeno","82105080","Centeno","Localidad simple"
"82105180","López",-31.9048159974825,-61.2777538760134,"82","Santa Fe","82105","San Jerónimo","823813","López","82105180","López","Localidad simple"
"82105050","Barrio El Pacaá - Barrio Comipini",-32.1285761793514,-60.9305568319027,"82","Santa Fe","82105","San Jerónimo","823722","Arocena","82105050","Barrio El Pacaá - Barrio Comipini","Localidad simple"
"82105170","Loma Alta",-31.9619571202998,-61.1767113208379,"82","Santa Fe","82105","San Jerónimo","823806","Loma Alta","82105170","Loma Alta","Localidad simple"
"82105040","Barrio Caima",-31.837920072339,-60.8650325885341,"82","Santa Fe","82105","San Jerónimo","823764","Desvío Arijón","82105040","Barrio Caima","Localidad simple"
"82105150","Irigoyen",-32.158147325032,-61.1102298513194,"82","Santa Fe","82105","San Jerónimo","823792","Irigoyen","82105150","Irigoyen","Localidad simple"
"82105030","Barrancas",-32.2345807567088,-60.9835149225084,"82","Santa Fe","82105","San Jerónimo","823729","Barrancas","82105030","Barrancas","Localidad simple"
"82105110","Díaz",-32.3705808222622,-61.0864484149339,"82","Santa Fe","82105","San Jerónimo","823771","Díaz","82105110","Díaz","Localidad simple"
"82105070","Casalegno",-32.2630084714591,-61.1264680407656,"82","Santa Fe","82105","San Jerónimo","823750","Casalegno","82105070","Casalegno","Localidad simple"
"82105250","San Genaro Norte",-32.3649521820216,-61.3371671845922,"82","Santa Fe","82105","San Jerónimo","820256","San Genaro","82105250","San Genaro Norte","Componente de localidad compuesta"
"82105230","San Fabián",-32.1379267171111,-60.983122613202,"82","Santa Fe","82105","San Jerónimo","823841","San Fabián","82105230","San Fabián","Localidad simple"
"82105120","Gaboto",-32.4325244270379,-60.8178144085059,"82","Santa Fe","82105","San Jerónimo","823778","Gaboto","82105120","Gaboto","Localidad simple"
"82112040","Esther",-31.0406925861747,-60.645191800097,"82","Santa Fe","82112","San Justo","823883","Esther","82112040","Esther","Localidad simple"
"82112100","Pedro Gómez Cello",-30.038474096133,-60.3152433947699,"82","Santa Fe","82112","San Justo","823932","Pedro Gómez Cello","82112100","Pedro Gómez Cello","Localidad simple"
"82112110","Ramayón",-30.6719500341159,-60.5059519981729,"82","Santa Fe","82112","San Justo","823939","Ramayón","82112110","Ramayón","Localidad simple"
"82112150","Silva",-30.4473008902458,-60.4305625615632,"82","Santa Fe","82112","San Justo","823960","Silva","82112150","Silva","Localidad simple"
"82112130","San Justo",-30.7891711509703,-60.5933005911998,"82","Santa Fe","82112","San Justo","820259","San Justo","82112130","San Justo","Localidad simple"
"82112140","San Martín Norte",-30.3457142621827,-60.3035143476299,"82","Santa Fe","82112","San Justo","823953","San Martín Norte","82112140","San Martín Norte","Localidad simple"
"82112050","Gobernador Crespo",-30.3629535491006,-60.4002397836296,"82","Santa Fe","82112","San Justo","823890","Gobernador Crespo","82112050","Gobernador Crespo","Localidad simple"
"82112080","Marcelino Escalada",-30.5809351404083,-60.4683075561457,"82","Santa Fe","82112","San Justo","823918","Marcelino Escalada","82112080","Marcelino Escalada","Localidad simple"
"82112010","Angeloni",-30.8556658864188,-60.6501755316761,"82","Santa Fe","82112","San Justo","823862","Angeloni","82112010","Angeloni","Localidad simple"
"82112090","Naré",-30.9487761732862,-60.4670361251567,"82","Santa Fe","82112","San Justo","823925","Naré","82112090","Naré","Localidad simple"
"82112030","Colonia Dolores",-30.382384557723,-60.3304860707389,"82","Santa Fe","82112","San Justo","823876","Colonia Dolores","82112030","Colonia Dolores","Localidad simple"
"82112160","Vera y Pintado",-30.144270055071,-60.338807685305,"82","Santa Fe","82112","San Justo","823967","Vera y Pintado","82112160","Vera y Pintado","Localidad simple"
"82112070","La Penca y Caraguatá",-30.3467233829811,-60.5212493500233,"82","Santa Fe","82112","San Justo","823911","La Penca y Caraguatá","82112070","La Penca y Caraguatá","Localidad simple"
"82112170","Videla",-30.9429218479973,-60.6570125965506,"82","Santa Fe","82112","San Justo","823974","Videla","82112170","Videla","Localidad simple"
"82112120","San Bernardo",-30.8891775364124,-60.5739772160101,"82","Santa Fe","82112","San Justo","823946","San Bernardo","82112120","San Bernardo","Localidad simple"
"82112020","Cayastacito",-31.1128097019696,-60.5798783953644,"82","Santa Fe","82112","San Justo","823869","Cayastacito","82112020","Cayastacito","Localidad simple"
"82112060","La Criolla",-30.2236712000618,-60.3636042782129,"82","Santa Fe","82112","San Justo","823904","La Criolla","82112060","La Criolla","Localidad simple"
"82119120","San Jerónimo Sud",-32.8793987837978,-61.0276951551143,"82","Santa Fe","82119","San Lorenzo","824023","San Jerónimo Sud","82119120","San Jerónimo Sud","Localidad simple"
"82119160","Villa Mugueta",-33.3119649556946,-61.0562946555637,"82","Santa Fe","82119","San Lorenzo","824037","Villa Mugueta","82119160","Villa Mugueta","Localidad simple"
"82119130","San Lorenzo",-32.7472614035676,-60.7356874598046,"82","Santa Fe","82119","San Lorenzo","820301","San Lorenzo","82119130","San Lorenzo","Componente de localidad compuesta"
"82119150","Villa Elvira",-32.6413382020188,-60.8182757783376,"82","Santa Fe","82119","San Lorenzo","824030","Timbúes","82119150","Villa Elvira","Componente de localidad compuesta"
"82119100","Ricardone",-32.7706325511652,-60.7840718821777,"82","Santa Fe","82119","San Lorenzo","824016","Ricardone","82119100","Ricardone","Localidad simple"
"82119090","Pujato",-33.0176482197441,-61.0430535409981,"82","Santa Fe","82119","San Lorenzo","824009","Pujato","82119090","Pujato","Localidad simple"
"82119020","Capitán Bermúdez",-32.8264562379917,-60.7161557546827,"82","Santa Fe","82119","San Lorenzo","820266","Capitán Bermúdez","82119020","Capitán Bermúdez","Componente de localidad compuesta"
"82119040","Coronel Arnold",-33.106020935608,-60.9668096936994,"82","Santa Fe","82119","San Lorenzo","823988","Coronel Arnold","82119040","Coronel Arnold","Localidad simple"
"82119140","Timbúes",-32.6678121550884,-60.7936464408933,"82","Santa Fe","82119","San Lorenzo","824030","Timbúes","82119140","Timbúes","Localidad simple"
"82119080","Puerto General San Martín",-32.7160386395288,-60.7313938904008,"82","Santa Fe","82119","San Lorenzo","820287","Puerto General San Martín","82119080","Puerto General San Martín","Componente de localidad compuesta"
"82119060","Fuentes",-33.1724956665193,-61.0741301099096,"82","Santa Fe","82119","San Lorenzo","823995","Fuentes","82119060","Fuentes","Localidad simple"
"82119010","Aldao",-32.7044761588355,-60.8159027763388,"82","Santa Fe","82119","San Lorenzo","823981","Aldao","82119010","Aldao","Localidad simple"
"82119030","Carcarañá",-32.8573856568626,-61.1518666525431,"82","Santa Fe","82119","San Lorenzo","820273","Carcarañá","82119030","Carcarañá","Localidad simple"
"82119050","Fray Luis Beltrán",-32.7815481103946,-60.7310114690631,"82","Santa Fe","82119","San Lorenzo","820280","Fray Luis Beltrán","82119050","Fray Luis Beltrán","Componente de localidad compuesta"
"82119110","Roldán",-32.898143152173,-60.9096474483425,"82","Santa Fe","82119","San Lorenzo","820294","Roldán","82119110","Roldán","Componente de localidad compuesta"
"82119070","Luis Palacios",-32.7823399784108,-60.9045817702944,"82","Santa Fe","82119","San Lorenzo","824002","Luis Palacios","82119070","Luis Palacios","Localidad simple"
"82126060","Crispi",-31.7398470340394,-62.0375926629187,"82","Santa Fe","82126","San Martín","824079","Crispi","82126060","Crispi","Localidad simple"
"82126160","Sastre",-31.7675752802005,-61.8288762614104,"82","Santa Fe","82126","San Martín","820322","Sastre y Ortiz","82126160","Sastre","Localidad simple"
"82126080","Landeta",-32.0127540707308,-62.0622809895362,"82","Santa Fe","82126","San Martín","824086","Landeta","82126080","Landeta","Localidad simple"
"82126170","Traill",-31.9215223623491,-61.7026271267646,"82","Santa Fe","82126","San Martín","824135","Traill","82126170","Traill","Localidad simple"
"82126130","Piamonte",-32.1439257600789,-61.9804415931331,"82","Santa Fe","82126","San Martín","824121","Piamonte","82126130","Piamonte","Localidad simple"
"82126100","Las Petacas",-31.8211859275252,-62.1104993813252,"82","Santa Fe","82126","San Martín","824100","Las Petacas","82126100","Las Petacas","Localidad simple"
"82126090","Las Bandurrias",-32.1974753473285,-61.4922790177356,"82","Santa Fe","82126","San Martín","824093","Las Bandurrias","82126090","Las Bandurrias","Localidad simple"
"82126150","San Martín de las Escobas",-31.8578635123551,-61.569620353558,"82","Santa Fe","82126","San Martín","824128","San Martín de las Escobas","82126150","San Martín de las Escobas","Localidad simple"
"82126050","Colonia Belgrano",-31.9094510313995,-61.4009185852123,"82","Santa Fe","82126","San Martín","824072","Colonia Belgrano","82126050","Colonia Belgrano","Localidad simple"
"82126110","Los Cardos",-32.3222613442548,-61.6315863412851,"82","Santa Fe","82126","San Martín","824107","Los Cardos","82126110","Los Cardos","Localidad simple"
"82126010","Cañada Rosquín",-32.0543682922573,-61.6018592430379,"82","Santa Fe","82126","San Martín","824044","Cañada Rosquín","82126010","Cañada Rosquín","Localidad simple"
"82126040","Castelar",-31.6685679305441,-62.0901355657806,"82","Santa Fe","82126","San Martín","824065","Castelar","82126040","Castelar","Localidad simple"
"82126030","Casas",-32.1256336531397,-61.5398429094885,"82","Santa Fe","82126","San Martín","824058","Casas","82126030","Casas","Localidad simple"
"82126120","María Susana",-32.2669774076931,-61.9058678442345,"82","Santa Fe","82126","San Martín","824114","María Susana","82126120","María Susana","Localidad simple"
"82126070","El Trébol",-32.1980414318442,-61.7019155962458,"82","Santa Fe","82126","San Martín","820308","El Trébol","82126070","El Trébol","Localidad simple"
"82126180","Wildermuth",-31.944834106458,-61.4013336490333,"82","Santa Fe","82126","San Martín","824072","Colonia Belgrano","82126180","Wildermuth","Localidad simple"
"82126140","San Jorge",-31.896153096459,-61.859653303999,"82","Santa Fe","82126","San Martín","820315","San Jorge","82126140","San Jorge","Localidad simple"
"82126020","Carlos Pellegrini",-32.0504517884543,-61.782730950908,"82","Santa Fe","82126","San Martín","824051","Carlos Pellegrini","82126020","Carlos Pellegrini","Localidad simple"
"82133160","Toba",-29.2681635262819,-60.1715414465427,"82","Santa Fe","82133","Vera","824205","Toba","82133160","Toba","Localidad simple"
"82133040","Fortín Olmos",-29.0569537199912,-60.41289860052,"82","Santa Fe","82133","Vera","824149","Fortín Olmos","82133040","Fortín Olmos","Localidad simple"
"82133070","Intiyaco",-28.6748656834627,-60.070701236947,"82","Santa Fe","82133","Vera","824170","Intiyaco","82133070","Intiyaco","Localidad simple"
"82133140","Pueblo Santa Lucía",-29.2819170762863,-60.402675586656,"82","Santa Fe","82133","Vera","820336","Vera","82133140","Pueblo Santa Lucía","Localidad simple"
"82133130","Pozo de los Indios",-28.9451326200967,-60.2520040689412,"82","Santa Fe","82133","Vera","824156","Garabato","82133130","Pozo de los Indios","Localidad simple"
"82133090","La Gallareta",-29.5862759292266,-60.3782241422222,"82","Santa Fe","82133","Vera","824177","La Gallareta","82133090","La Gallareta","Localidad simple"
"82133150","Tartagal",-28.6710544649968,-59.8480856379029,"82","Santa Fe","82133","Vera","824198","Tartagal","82133150","Tartagal","Localidad simple"
"82133050","Garabato",-28.9544900875832,-60.1350767620573,"82","Santa Fe","82133","Vera","824156","Garabato","82133050","Garabato","Localidad simple"
"82133080","Kilómetro 115",-28.8247601435944,-60.2234051707498,"82","Santa Fe","82133","Vera","824156","Garabato","82133080","Kilómetro 115","Localidad simple"
"82133010","Calchaquí",-29.8880092948258,-60.283116145806,"82","Santa Fe","82133","Vera","820329","Calchaquí","82133010","Calchaquí","Localidad simple"
"82133170","Vera",-29.4592286244509,-60.2147719463375,"82","Santa Fe","82133","Vera","820336","Vera","82133170","Vera","Localidad simple"
"82133030","Colmena",-28.7625002902498,-60.0910907661456,"82","Santa Fe","82133","Vera","824170","Intiyaco","82133030","Colmena","Localidad simple"
"82133110","Margarita",-29.687649602218,-60.2531843946388,"82","Santa Fe","82133","Vera","824191","Margarita","82133110","Margarita","Localidad simple"
"82133020","Cañada Ombú",-28.3091298452064,-59.9835541954231,"82","Santa Fe","82133","Vera","824142","Cañada Ombú","82133020","Cañada Ombú","Localidad simple"
"82133060","Golondrina",-28.5563754722768,-60.024787423055,"82","Santa Fe","82133","Vera","824163","Golondrina","82133060","Golondrina","Localidad simple"
"82133120","Paraje 29",-29.1082245319843,-60.2392862643997,"82","Santa Fe","82133","Vera","824149","Fortín Olmos","82133120","Paraje 29","Localidad simple"
"82133100","Los Amores",-28.1018205910224,-59.9779636045653,"82","Santa Fe","82133","Vera","824184","Los Amores","82133100","Los Amores","Localidad simple"
